
{
  "annotations": {
    "list": [
      {
        "builtIn": 1,
        "datasource": "-- Grafana --",
        "enable": true,
        "hide": true,
        "iconColor": "rgba(0, 211, 255, 1)",
        "name": "Annotations & Alerts",
        "type": "dashboard"
      }
    ]
  },
  "panels": [
    {
      "title": "CPU Usage",
      "type": "graph",
      "targets": [
        {
          "expr": "rate(node_cpu_seconds_total{mode!='idle'}[5m])",
          "interval": "",
          "legendFormat": "{{cpu}}",
          "refId": "A"
        }
      ],
      "id": 1
    },
    {
      "title": "Memory Usage",
      "type": "graph",
      "targets": [
        {
          "expr": "node_memory_MemTotal_bytes - node_memory_MemAvailable_bytes",
          "interval": "",
          "legendFormat": "Used Memory",
          "refId": "B"
        }
      ],
      "id": 2
    }
  ],
  "title": "OpenDevin Monitoring Dashboard",
  "timezone": "browser",
  "schemaVersion": 26,
  "version": 1
}
